{
  "speed_setpoints": [
    0.75,
    1.0,
    1.25,
    1.5,
    1.75,
    2.0,
    2.25,
    2.5,
    2.75
  ],
  "average_speeds": [
    0.7513016453198507,
    0.7513016453198507,
    1.0067027039428778,
    1.0158576020548897,
    1.0158576020548897,
    1.0158576020548897,
    1.1270567544137116,
    1.1270567544137116,
    1.1270567544137116
  ],
  "average_erpms": [
    0.0,
    0.0,
    0.0,
    0.0,
    0.0,
    0.0,
    0.0,
    0.0,
    0.0
  ],
  "optimal_gain": 0.0,
  "r_squared": 0.0,
  "rmse": 0.0
}