{
  "speed_setpoints": [
    1.75,
    2.0,
    2.25,
    2.5,
    2.75,
    3.0,
    3.25,
    3.5,
    3.75,
    4.0
  ],
  "average_speeds": [
    1.7515231421278235,
    1.7515231421278235,
    1.7515231421278235,
    1.7515231421278235,
    1.7515231421278235,
    1.7515231421278235,
    1.7515231421278235,
    1.7515231421278235,
    1.7515231421278235,
    1.7515231421278235
  ],
  "average_erpms": [
    0.0,
    0.0,
    0.0,
    0.0,
    0.0,
    0.0,
    0.0,
    0.0,
    0.0,
    0.0
  ],
  "optimal_gain": 0.0,
  "r_squared": 0.0,
  "rmse": 0.0
}