{
  "speed_setpoints": [
    0.75,
    1.0,
    1.25
  ],
  "average_speeds": [
    0.75063437950304,
    0.9042063970542514,
    1.0355763945678549
  ],
  "average_erpms": [
    3463.427027027027,
    4172.008316008316,
    4778.184278350515
  ],
  "optimal_gain": 4614.014686058896,
  "r_squared": 0.9999999992131476,
  "rmse": 0.015071458081888244
}