{
  "steering_commands": [
    -0.4,
    -0.35000000000000003,
    -0.25000000000000006,
    -0.20000000000000007,
    -0.15000000000000008,
    -0.10000000000000007,
    -0.05000000000000007,
    -6.938893903907228e-17,
    0.04999999999999993
  ],
  "measured_radii": [
    1.1816511925667725,
    0.7517215914756207,
    1.0022082621149775,
    1.2333189835695026,
    2.1089348923705153,
    1.4101440500666473,
    2.256385448094917,
    4.441793171425812,
    1.2624147555956011
  ],
  "theoretical_radii": [
    0.7805233986129065,
    0.9040390124976484,
    1.29238473033316,
    1.6279411089436744,
    2.1834751968446824,
    3.288992659675546,
    6.594499083115015,
    Infinity,
    6.594499083115034
  ],
  "radius_errors": [
    0.401127793953866,
    0.15231742102202772,
    0.29017646821818244,
    0.39462212537417174,
    0.07454030447416704,
    1.8788486096088988,
    4.338113635020099,
    0,
    5.332084327519433
  ],
  "optimal_gain": 1.081435421644926,
  "optimal_offset": 0.0034855361626981414,
  "r_squared": 0.6629120388455966,
  "rmse": 0.1089487448919723
}