{
  "steering_commands": [
    -0.4,
    -0.35000000000000003,
    -0.25000000000000006
  ],
  "measured_radii": [
    0.751742563448206,
    0.7517514212938322,
    0.9790896965716198
  ],
  "theoretical_radii": [
    0.7805233986129065,
    0.9040390124976484,
    1.29238473033316
  ],
  "radius_errors": [
    0.028780835164700536,
    0.15228759120381619,
    0.3132950337615401
  ],
  "optimal_gain": 0.6325551156632332,
  "optimal_offset": -0.17327507873398712,
  "r_squared": 0.8928833683607171,
  "rmse": 0.013663442591914245
}